ZVUE Media Manager,application/vnd.handheld-entertainment+xml,.zmm
Z.U.L. Geometry,application/vnd.zul,.zir
Zip Archive,application/zip,.zip
Zzazz Deck,application/vnd.zzazz.deck+xml,.zaz
YIN (YANG - XML),application/yin+xml,.yin
YANG Data Modeling Language,application/yang,.yang
YAML Ain't Markup Language / Yet Another Markup Language,text/yaml,.yaml
XYZ File Format,chemical/x-xyz,.xyz
X Window Dump,image/x-xwindowdump,.xwd
XUL - XML User Interface Language,application/vnd.mozilla.xul+xml,.xul
XSPF - XML Shareable Playlist Format,application/xspf+xml,.xspf
SyncML,application/vnd.syncml+xml,.xsm
XML Transformations,application/xslt+xml,.xslt
Intercon FormNet,application/vnd.intercon.formnet,.xpw
Microsoft XML Paper Specification,application/vnd.ms-xpsdocument,.xps
Express by Infoseek,application/vnd.is-xpr,.xpr
X PixMap,image/x-xpixmap,.xpm
XPInstall - Mozilla,application/x-xpinstall,.xpi
XML-Binary Optimized Packaging,application/xop+xml,.xop
Sugar Linux Application Bundle,application/vnd.olpc-sugar,.xo
XML - Extensible Markup Language,application/xml,.xml
Microsoft Office - OOXML - Spreadsheet Template,application/vnd.openxmlformats-officedocument.spreadsheetml.template,.xltx
Microsoft Excel - Macro-Enabled Template File,application/vnd.ms-excel.template.macroenabled.12,.xltm
Microsoft Office - OOXML - Spreadsheet,application/vnd.openxmlformats-officedocument.spreadsheetml.sheet,.xlsx
Microsoft Excel - Macro-Enabled Workbook,application/vnd.ms-excel.sheet.macroenabled.12,.xlsm
Microsoft Excel - Binary Workbook,application/vnd.ms-excel.sheet.binary.macroenabled.12,.xlsb
Microsoft Excel,application/vnd.ms-excel,.xls
Microsoft Excel - Add-In File,application/vnd.ms-excel.addin.macroenabled.12,.xlam
eXtended Image File Format (XIFF),image/vnd.xiff,.xif
XHTML - The Extensible HyperText Markup Language,application/xhtml+xml,.xhtml
Extensible Forms Description Language,application/vnd.xfdl,.xfdl
Adobe XML Forms Data Format,application/vnd.adobe.xfdf,.xfdf
XML Patch Framework,application/patch-ops-error+xml,.xer
XML Encryption Syntax and Processing,application/xenc+xml,.xenc
Fujitsu - Xerox DocuWorks,application/vnd.fujixerox.docuworks,.xdw
Data Structure for the Security Suitability of Cryptographic Algorithms,application/dssc+xml,.xdssc
Adobe XML Data Package,application/vnd.adobe.xdp+xml,.xdp
SyncML - Device Management,application/vnd.syncml.dm+xml,.xdm
XML Configuration Access Protocol - XCAP Diff,application/xcap-diff+xml,.xdf
X BitMap,image/x-xbitmap,.xbm
Fujitsu - Xerox DocuWorks Binder,application/vnd.fujixerox.docuworks.binder,.xbd
Microsoft XAML Browser Application,application/x-ms-xbap,.xbap
CorelXARA,application/vnd.xara,.xar
Microsoft Silverlight,application/x-silverlight-app,.xap
3D Crossword Plugin,application/vnd.hzn-3d-crossword,.x3d
Microsoft Windows Media Video Playlist,video/x-ms-wvx,.wvx
WebTurbo,application/vnd.webturbo,.wtb
Web Services Policy,application/wspolicy+xml,.wspolicy
WSDL - Web Services Description Language,application/wsdl+xml,.wsdl
Virtual Reality Modeling Language,model/vrml,.wrl
Microsoft Wordpad,application/x-mswrite,.wri
SundaHus WQ,application/vnd.wqd,.wqd
Microsoft Works,application/vnd.ms-works,.wps
Microsoft Windows Media Player Playlist,application/vnd.ms-wpl,.wpl
Wordperfect,application/vnd.wordperfect,.wpd
Web Open Font Format,application/x-font-woff,.woff
Microsoft Windows Media Player Skin Package,application/x-ms-wmz,.wmz
Microsoft Windows Media Audio/Video Playlist,video/x-ms-wmx,.wmx
Microsoft Windows Media Video,video/x-ms-wmv,.wmv
WMLScript,application/vnd.wap.wmlscriptc,.wmlsc
Wireless Markup Language Script (WMLScript),text/vnd.wap.wmlscript,.wmls
Compiled Wireless Markup Language (WMLC),application/vnd.wap.wmlc,.wmlc
Wireless Markup Language (WML),text/vnd.wap.wml,.wml
Microsoft Windows Metafile,application/x-msmetafile,.wmf
Microsoft Windows Media Player Download Package,application/x-ms-wmd,.wmd
Microsoft Windows Media Audio,audio/x-ms-wma,.wma
Microsoft Windows Media,video/x-ms-wm,.wm
Widget Packaging and XML Configuration,application/widget,.wgt
Qualcomm's Plaza Mobile Internet,application/vnd.pmi.widget,.wg
WebP Image,image/webp,.webp
Open Web Media Project - Video,video/webm,.webm
Open Web Media Project - Audio,audio/webm,.weba
WAP Binary XML (WBXML),application/vnd.wap.wbxml,.wbxml
Critical Tools - PERT Chart EXPERT,application/vnd.criticaltools.wbs+xml,.wbs
WAP Bitamp (WBMP),image/vnd.wap.wbmp,.wbmp
Microsoft Windows Media Audio Redirector,audio/x-ms-wax,.wax
Waveform Audio File Format (WAV),audio/x-wav,.wav
Doom Video Game,application/x-doom,.wad
VoiceXML,application/voicexml+xml,.vxml
Virtue VTU,model/vnd.vtu,.vtu
Viewport+,application/vnd.vsf,.vsf
Microsoft Visio 2013,application/vnd.visio2013,.vsdx
Microsoft Visio,application/vnd.visio,.vsd
Vivo,video/vnd.vivo,.viv
Visionary,application/vnd.visionary,.vis
VirtualCatalog,application/vnd.vcx,.vcx
vCalendar,text/x-vcalendar,.vcs
Groove - Vcard,application/vnd.groove-vcard,.vcg
vCard,text/x-vcard,.vcf
Video CD,application/x-cdlink,.vcd
DECE Video,video/vnd.dece.video,.uvv
DECE MP4,video/vnd.uvvu.mp4,.uvu
DECE SD Video,video/vnd.dece.sd,.uvs
DECE PD Video,video/vnd.dece.pd,.uvp
DECE Mobile Video,video/vnd.dece.mobile,.uvm
DECE Graphic,image/vnd.dece.graphic,.uvi
DECE High Definition Video,video/vnd.dece.hd,.uvh
DECE Audio,audio/vnd.dece.audio,.uva
UUEncode,text/x-uuencode,.uu
User Interface Quartz - Theme (Symbian),application/vnd.uiq.theme,.utz
Ustar (Uniform Standard Tape Archive),application/x-ustar,.ustar
URI Resolution Services,text/uri-list,.uri
Unique Object Markup Language,application/vnd.uoml+xml,.uoml
Unity 3d,application/vnd.unity,.unityweb
UMAJIN,application/vnd.umajin,.umj
Universal Forms Description Language,application/vnd.ufdl,.ufd
Text File,text/plain,.txt
Mobius Management Systems - Topic Index File,application/vnd.mobius.txf,.txf
Genomatix Tuxedo Framework,application/vnd.genomatix.tuxedo,.txd
SimTech MindMapper,application/vnd.simtech-mindmapper,.twd
Turtle (Terse RDF Triple Language),text/turtle,.ttl
TrueType Font,application/x-font-ttf,.ttf
Tab Seperated Values,text/tab-separated-values,.tsv
Time Stamped Data Envelope,application/timestamped-data,.tsd
Microsoft Windows Terminal Services,application/x-msterminal,.trm
True BASIC,application/vnd.trueapp,.tra
TRI Systems Config,application/vnd.trid.tpt,.tpt
Groove - Tool Template,application/vnd.groove-tool-template,.tpl
BitTorrent,application/x-bittorrent,.torrent
MobileTV,application/vnd.tmobile-livetv,.tmo
Tagged Image File Format,image/tiff,.tif
Tagged Image File Format,image/tiff,.tiff
Microsoft Office System Release Theme,application/vnd.ms-officetheme,.thmx
TeX Font Metric,application/x-tex-tfm,.tfm
Sharing Transaction Fraud Data,application/thraud+xml,.tfi
GNU Texinfo Document,application/x-texinfo,.texinfo
TeX,application/x-tex,.tex
Text Encoding and Interchange,application/tei+xml,.tei
SMART Technologies Apps,application/vnd.smart.teacher,.teacher
Tcl Script,application/x-tcl,.tcl
3rd Generation Partnership Project - Transaction Capabilities Application Part,application/vnd.3gpp2.tcap,.tcap
Tar File (Tape Archive),application/x-tar,.tar
Tao Intent,application/vnd.tao.intent-module-archive,.tao
troff,text/troff,.t
OpenOffice - Writer (Text - HTML),application/vnd.sun.xml.writer,.sxw
OpenOffice - Math (Formula),application/vnd.sun.xml.math,.sxm
OpenOffice - Impress (Presentation),application/vnd.sun.xml.impress,.sxi
OpenOffice - Writer (Text - HTML),application/vnd.sun.xml.writer.global,.sxg
OpenOffice - Draw (Graphics),application/vnd.sun.xml.draw,.sxd
OpenOffice - Calc (Spreadsheet),application/vnd.sun.xml.calc,.sxc
Arista Networks Software Image,application/vnd.aristanetworks.swi,.swi
Adobe Flash,application/x-shockwave-flash,.swf
Scalable Vector Graphics (SVG),image/svg+xml,.svg
SourceView Document,application/vnd.svd,.svd
Digital Video Broadcasting,application/vnd.dvb.service,.svc
System V Release 4 CPIO Checksum Data,application/x-sv4crc,.sv4crc
System V Release 4 CPIO Archive,application/x-sv4cpio,.sv4cpio
ScheduleUs,application/vnd.sus-calendar,.sus
Close Captioning - Subtitle,image/vnd.dvb.subtitle,.sub
OpenOffice - Writer Template (Text - HTML),application/vnd.sun.xml.writer.template,.stw
Proprietary P&G Standard Reporting System,application/vnd.pg.format,.str
Microsoft Trust UI Provider - Certificate Trust Link,application/vnd.ms-pki.stl,.stl
Hyperstudio,application/hyperstudio,.stk
OpenOffice - Impress Template (Presentation),application/vnd.sun.xml.impress.template,.sti
Worldtalk,application/vnd.wt.stf,.stf
OpenOffice - Draw Template (Graphics),application/vnd.sun.xml.draw.template,.std
OpenOffice - Calc Template (Spreadsheet),application/vnd.sun.xml.calc.template,.stc
SailingTracker,application/vnd.sailingtracker.track,.st
Speech Synthesis Markup Language,application/ssml+xml,.ssml
QUASS Stream Player,application/vnd.epson.ssf,.ssf
Kodak Storyshare,application/vnd.kodak-descriptor,.sse
SPARQL - Results,application/sparql-results+xml,.srx
Search/Retrieve via URL Response Format,application/sru+xml,.sru
WAIS Source,application/x-wais-source,.src
Server-Based Certificate Validation Protocol - Validation Policies - Request,application/scvp-vp-request,.spq
Server-Based Certificate Validation Protocol - Validation Policies - Response,application/scvp-vp-response,.spp
In3D - 3DML,text/vnd.in3d.spot,.spot
FutureSplash Animator,application/x-futuresplash,.spl
SMAF Phrase,application/vnd.yamaha.smaf-phrase,.spf
Server Normal Format,application/x-font-snf,.snf
Synchronized Multimedia Integration Language,application/smil+xml,.smi
StarOffice - Math,application/vnd.stardivision.math,.smf
StepMania,application/vnd.stepmania.stepchart,.sm
SimpleAnimeLite Player,application/vnd.epson.salt,.slt
Microsoft Office - OOXML - Presentation (Slide),application/vnd.openxmlformats-officedocument.presentationml.slide,.sldx
Microsoft PowerPoint - Macro-Enabled Open XML Slide,application/vnd.ms-powerpoint.slide.macroenabled.12,.sldm
SSEYO Koan Play File,application/vnd.koan,.skp
Stuffit Archive,application/x-stuffitx,.sitx
Stuffit Archive,application/x-stuffit,.sit
Symbian Install Package,application/vnd.symbian.install,.sis
S Hexdump Format,application/shf+xml,.shf
Shell Archive,application/x-shar,.shar
Bourne Shell Script,application/x-sh,.sh
Standard Generalized Markup Language (SGML),text/sgml,.sgml
StarOffice - Writer (Global),application/vnd.stardivision.writer-global,.sgl
TIBCO Spotfire,application/vnd.spotfire.sfs,.sfs
Hydrostatix Master Suite,application/vnd.hydrostatix.sof-data,.sfd-hdstx
Secure Electronic Transaction - Registration,application/set-registration-initiation,.setreg
Secure Electronic Transaction - Payment,application/set-payment-initiation,.setpay
Java Serialized Object,application/java-serialized-object,.ser
Secured eMail,application/vnd.semf,.semf
Secured eMail,application/vnd.semd,.semd
Secured eMail,application/vnd.sema,.sema
Digital Siesmograph Networks - SEED Datafiles,application/vnd.fdsn.seed,.seed
SeeMail,application/vnd.seemail,.see
StarOffice - Writer,application/vnd.stardivision.writer,.sdw
Session Description Protocol,application/sdp,.sdp
SudokuMagic,application/vnd.solent.sdkm+xml,.sdkm
StarOffice - Impress,application/vnd.stardivision.impress,.sdd
StarOffice - Calc,application/vnd.stardivision.calc,.sdc
StarOffice - Draw,application/vnd.stardivision.draw,.sda
Curl - Source Code,text/vnd.curl.scurl,.scurl
Server-Based Certificate Validation Protocol - Validation Response,application/scvp-cv-response,.scs
Server-Based Certificate Validation Protocol - Validation Request,application/scvp-cv-request,.scq
Lotus Screencam,application/vnd.lotus-screencam,.scm
Microsoft Schedule+,application/x-msschedule,.scd
IBM Electronic Media Management System - Secure Container,application/vnd.ibm.secure-container,.sc
Systems Biology Markup Language,application/sbml+xml,.sbml
SMAF Audio,application/vnd.yamaha.smaf-audio,.saf
Assembler Source File,text/x-asm,.s
Rich Text Format (RTF),text/richtext,.rtx
Rich Text Format,application/rtf,.rtf
RSS - Really Simple Syndication,application/rss+xml,".rss, .xml"
Really Simple Discovery,application/rsd+xml,.rsd
XML Resource Lists,application/rls-services+xml,.rs
SPARQL - Query,application/sparql-query,.rq
Nokia Radio Application - Preset,application/vnd.nokia.radio-preset,.rpst
Nokia Radio Application - Preset,application/vnd.nokia.radio-presets,.rpss
RetroPlatform Player,application/vnd.cloanto.rp9,.rp9
Relax NG Compact Syntax,application/relax-ng-compact-syntax,.rnc
Mobile Information Device Profile,application/vnd.jcp.javame.midlet-rms,.rms
Real Audio Sound,audio/x-pn-realaudio-plugin,.rmp
RealMedia,application/vnd.rn-realmedia,.rm
XML Resource Lists Diff,application/resource-lists-diff+xml,.rld
EDMICS 2000,image/vnd.fujixerox.edmics-rlc,.rlc
XML Resource Lists,application/resource-lists+xml,.rl
Hit'n'Mix,audio/vnd.rip,.rip
IMS Networks,application/reginfo+xml,.rif
Silicon Graphics RGB Bitmap,image/x-rgb,.rgb
Digital Talking Book - Resource File,application/x-dtbresource+xml,.res
BusinessObjects,application/vnd.businessobjects,.rep
RemoteDocs R-Viewer,application/vnd.data-vision.rdz,.rdz
Resource Description Framework,application/rdf+xml,.rdf
IP Unplugged Roaming Client,application/vnd.ipunplugged.rcprofile,.rcprofile
CMU Image,image/x-cmu-raster,.ras
RAR Archive,application/x-rar-compressed,.rar
Real Audio Sound,audio/x-pn-realaudio,.ram
QuarkXpress,application/vnd.quark.quarkxpress,.qxd
Quicktime Video,video/quicktime,.qt
PubliShare Objects,application/vnd.publishare-delta-tree,.qps
Quicken,application/vnd.intu.qfx,.qfx
Open Financial Exchange,application/vnd.intu.qbo,.qbo
QuickAnime Player,application/vnd.epson.quickanime,.qam
Microsoft PlayReady Ecosystem Video,video/vnd.ms-playready.media.pyv,.pyv
Microsoft PlayReady Ecosystem,audio/vnd.ms-playready.media.pya,.pya
3M Post It Notes,application/vnd.3m.post-it-notes,.pwn
3rd Generation Partnership Project - Pic Var,application/vnd.3gpp.pic-bw-var,.pvb
Microsoft Publisher,application/x-mspublisher,.pub
Princeton Video Image,application/vnd.pvi.ptid1,.ptid
Portable Symmetric Key Container,application/pskc+xml,.pskcxml
PSF Fonts,application/x-font-linux-psf,.psf
Photoshop Document,image/vnd.adobe.photoshop,.psd
3rd Generation Partnership Project - Pic Small,application/vnd.3gpp.pic-bw-small,.psb
PICSRules,application/pics-rules,.prf
Lotus Freelance,application/vnd.lotus-freelance,.pre
Mobipocket,application/x-mobipocket-ebook,.prc
Microsoft Office - OOXML - Presentation,application/vnd.openxmlformats-officedocument.presentationml.presentation,.pptx
Microsoft PowerPoint - Macro-Enabled Presentation File,application/vnd.ms-powerpoint.presentation.macroenabled.12,.pptm
Microsoft PowerPoint,application/vnd.ms-powerpoint,.ppt
Microsoft Office - OOXML - Presentation (Slideshow),application/vnd.openxmlformats-officedocument.presentationml.slideshow,.ppsx
Microsoft PowerPoint - Macro-Enabled Slide Show File,application/vnd.ms-powerpoint.slideshow.macroenabled.12,.ppsm
Portable Pixmap Format,image/x-portable-pixmap,.ppm
Adobe PostScript Printer Description File Format,application/vnd.cups-ppd,.ppd
Microsoft PowerPoint - Add-in file,application/vnd.ms-powerpoint.addin.macroenabled.12,.ppam
Microsoft Office - OOXML - Presentation Template,application/vnd.openxmlformats-officedocument.presentationml.template,.potx
Microsoft PowerPoint - Macro-Enabled Template File,application/vnd.ms-powerpoint.template.macroenabled.12,.potm
MacPorts Port System,application/vnd.macports.portpkg,.portpkg
Portable Anymap Image,image/x-portable-anymap,.pnm
Portable Network Graphics (PNG),image/png,.png
Portable Network Graphics (PNG) (x-token),image/x-png,.png
Portable Network Graphics (PNG) (Citrix client),image/x-citrix-png,.png
PosML,application/vnd.ctc-posml,.pml
Pronunciation Lexicon Specification,application/pls+xml,.pls
PocketLearn Viewers,application/vnd.pocketlearn,.plf
Mobius Management Systems - Policy Definition Language File,application/vnd.mobius.plc,.plc
3rd Generation Partnership Project - Pic Large,application/vnd.3gpp.pic-bw-large,.plb
Internet Public Key Infrastructure - Certification Path,application/pkix-pkipath,.pkipath
Internet Public Key Infrastructure - Certificate Management Protocole,application/pkixcmp,.pki
JPEG Image (Progressive),image/pjpeg,.pjpeg
PICT Image,image/x-pict,.pic
Pretty Good Privacy,application/pgp-encrypted,.pgp
Pretty Good Privacy - Signature,application/pgp-signature,.pgp
Portable Game Notation (Chess Games),application/x-chess-pgn,.pgn
Portable Graymap Format,image/x-portable-graymap,.pgm
Portable Font Resource,application/font-tdpfr,.pfr
PostScript Fonts,application/x-font-type1,.pfa
Adobe Portable Document Format,application/pdf,.pdf
PalmOS Data,application/vnd.palm,.pdb
PCX Image,image/x-pcx,.pcx
CURL Applet,application/vnd.curl.pcurl,.pcurl
PCL 6 Enhanced (Formely PCL XL),application/vnd.hp-pclxl,.pclxl
HP Printer Command Language,application/vnd.hp-pcl,.pcl
Portable Compiled Format,application/x-font-pcf,.pcf
Portable Bitmap Format,image/x-portable-bitmap,.pbm
PowerBuilder,application/vnd.powerbuilder6,.pbd
PawaaFILE,application/vnd.pawaafile,.paw
BAS Partitur Format,text/plain-bas,.par
PKCS #8 - Private-Key Information Syntax Standard,application/pkcs8,.p8
PKCS #7 - Cryptographic Message Syntax Standard,application/pkcs7-signature,.p7s
PKCS #7 - Cryptographic Message Syntax Standard (Certificate Request Response),application/x-pkcs7-certreqresp,.p7r
PKCS #7 - Cryptographic Message Syntax Standard,application/pkcs7-mime,.p7m
PKCS #7 - Cryptographic Message Syntax Standard (Certificates),application/x-pkcs7-certificates,.p7b
PKCS #12 - Personal Information Exchange Syntax Standard,application/x-pkcs12,.p12
PKCS #10 - Certification Request Standard,application/pkcs10,.p10
Pascal Source File,text/x-pascal,.p
Open Office Extension,application/vnd.openofficeorg.extension,.oxt
OpenDocument Text Template,application/vnd.oasis.opendocument.text-template,.ott
OpenDocument Spreadsheet Template,application/vnd.oasis.opendocument.spreadsheet-template,.ots
OpenDocument Presentation Template,application/vnd.oasis.opendocument.presentation-template,.otp
OpenDocument Image Template,application/vnd.oasis.opendocument.image-template,.oti
Open Document Text Web,application/vnd.oasis.opendocument.text-web,.oth
OpenDocument Graphics Template,application/vnd.oasis.opendocument.graphics-template,.otg
OpenType Font File,application/x-font-otf,.otf
OpenDocument Chart Template,application/vnd.oasis.opendocument.chart-template,.otc
OSFPVG,application/vnd.yamaha.openscoreformat.osfpvg+xml,.osfpvg
Open Score Format,application/vnd.yamaha.openscoreformat,.osf
Lotus Organizer,application/vnd.lotus-organizer,.org
Open eBook Publication Structure,application/oebps-package+xml,.opf
Microsoft OneNote,application/onenote,.onetoc
Ogg,application/ogg,.ogx
Ogg Video,video/ogg,.ogv
Ogg Audio,audio/ogg,.oga
OpenDocument Text,application/vnd.oasis.opendocument.text,.odt
OpenDocument Spreadsheet,application/vnd.oasis.opendocument.spreadsheet,.ods
OpenDocument Presentation,application/vnd.oasis.opendocument.presentation,.odp
OpenDocument Text Master,application/vnd.oasis.opendocument.text-master,.odm
OpenDocument Image,application/vnd.oasis.opendocument.image,.odi
OpenDocument Graphics,application/vnd.oasis.opendocument.graphics,.odg
OpenDocument Formula Template,application/vnd.oasis.opendocument.formula-template,.odft
OpenDocument Formula,application/vnd.oasis.opendocument.formula,.odf
OpenDocument Chart,application/vnd.oasis.opendocument.chart,.odc
OpenDocument Database,application/vnd.oasis.opendocument.database,.odb
Office Document Architecture,application/oda,.oda
Microsoft Office Binder,application/x-msbinder,.obd
Fujitsu Oasys,application/vnd.fujitsu.oasys,.oas
Fujitsu Oasys,application/vnd.fujitsu.oasys3,.oa3
Fujitsu Oasys,application/vnd.fujitsu.oasys2,.oa2
Lotus Notes,application/vnd.lotus-notes,.nsf
FlashPix,image/vnd.net-fpx,.npx
NobleNet Web,application/vnd.noblenet-web,.nnw
NobleNet Sealer,application/vnd.noblenet-sealer,.nns
NobleNet Directory,application/vnd.noblenet-directory,.nnd
Enliven Viewer,application/vnd.enliven,.nml
neuroLanguage,application/vnd.neurolanguage.nlu,.nlu
N-Gage Game Data,application/vnd.nokia.n-gage.data,.ngdat
Navigation Control file for XML (for ePub),application/x-dtbncx+xml,.ncx
Network Common Data Form (NetCDF),application/x-netcdf,.nc
Mathematica Notebook Player,application/vnd.wolfram.player,.nbp
Notation3,text/n3,.n3
N-Gage Game Installer,application/vnd.nokia.n-gage.symbian.install,.n-gage
MPEG Url,video/vnd.mpegurl,.mxu
Triscape Map Explorer,application/vnd.triscape.mxs,.mxs
MXML,application/xv+xml,.mxml
Recordare Applications,application/vnd.recordare.musicxml,.mxl
Material Exchange Format,application/mxf,.mxf
Medical Waveform Encoding Format,application/vnd.mfer,.mwf
Microsoft MediaView,application/x-msmediaview,.mvb
Recordare Applications,application/vnd.recordare.musicxml+xml,.musicxml
MUsical Score Interpreted Code Invented for the ASCII designation of Notation,application/vnd.musician,.mus
Virtue MTS,model/vnd.mts,.mts
Muvee Automatic Video Editing,application/vnd.muvee.style,.msty
Mobius Management Systems - Script Language,application/vnd.mobius.msl,.msl
Mesh Data Type,model/mesh,.msh
QUASS Stream Player,application/vnd.epson.msf,.msf
3GPP MSEQ File,application/vnd.mseq,.mseq
Media Server Control Markup Language,application/mediaservercontrol+xml,.mscml
MARC21 XML Schema,application/marcxml+xml,.mrcx
MARC Formats,application/marc,.mrc
Mobius Management Systems - Query File,application/vnd.mobius.mqy,.mqy
MiniPay,application/vnd.ibm.minipay,.mpy
Microsoft Project,application/vnd.ms-project,.mpp
Mophun VM,application/vnd.mophun.application,.mpn
Blueice Research Multipass,application/vnd.blueice.multipass,.mpm
Apple Installer Package,application/vnd.apple.installer+xml,.mpkg
MPEG Audio,audio/mpeg,.mpga
MPEG Video,video/mpeg,.mpeg
Mophun Certificate,application/vnd.mophun.certificate,.mpc
MPEG-4 Audio,audio/mp4,.mp4a
MPEG4,application/mp4,.mp4
MPEG-4 Video,video/mp4,.mp4
SGI Movie,video/x-sgi-movie,.movie
Metadata Object Description Schema,application/mods+xml,.mods
Microsoft Money,application/x-msmoney,.mny
EDMICS 2000,image/vnd.fujixerox.edmics-mmr,.mmr
SMAF File,application/vnd.smaf,.mmf
Karaoke on Chipnuts Chipsets,application/vnd.chipnuts.karaoke-mmd,.mmd
Dolby Meridian Lossless Packing,application/vnd.dolby.mlp,.mlp
Motion JPEG 2000,video/mj2,.mj2
FrameMaker Interchange Format,application/vnd.mif,.mif
MIDI - Musical Instrument Digital Interface,audio/midi,.mid
EFI Proteus,application/vnd.proteus.magazine,.mgz
MapGuide DBXML,application/vnd.osgeo.mapguide.package,.mgp
Melody Format for Mobile Platform,application/vnd.mfmp,.mfm
Metadata Encoding and Transmission Standard,application/mets+xml,.mets
Metalink,application/metalink4+xml,.meta4
Microsoft Document Imaging Format,image/vnd.ms-modi,.mdi
Microsoft Access,application/x-msaccess,.mdb
Curl - Manifest File,text/vnd.curl.mcurl,.mcurl
Micro CADAM Helix D&D,application/vnd.mcd,.mcd
MedCalc,application/vnd.medcalcdata,.mc1
Mbox database files,application/mbox,.mbox
Mobius Management Systems - Basket file,application/vnd.mobius.mbk,.mbk
Mathematical Markup Language,application/mathml+xml,.mathml
EcoWin Chart,application/vnd.ecowin.chart,.mag
Metadata Authority Description Schema,application/mads+xml,.mads
Mathematica Notebooks,application/mathematica,.ma
M4v,video/x-m4v,.m4v
Multimedia Playlist Unicode,application/vnd.apple.mpegurl,.m3u8
M3U (Multimedia Playlist),audio/x-mpegurl,.m3u
MPEG-21,application/mp21,.m21
Lotus Wordpro,application/vnd.lotus-wordpro,.lwp
Lucent Voice,audio/vnd.lucent.voice,.lvp
Frogans Player,application/vnd.frogans.ltf,.ltf
Microsoft Learning Resource Module,application/vnd.ms-lrm,.lrm
ROUTE 66 Location Based Services,application/vnd.route66.link66+xml,.link66
Archipelago Lesson Player,application/vnd.hhe.lesson-player,.les
Life Balance - Exchange Format,application/vnd.llamagraphics.life-balance.exchange+xml,.lbe
Life Balance - Desktop Edition,application/vnd.llamagraphics.life-balance.desktop,.lbd
LaTeX,application/x-latex,.latex
Laser App Enterprise,application/vnd.las.las+xml,.lasxml
KDE KOffice Office Suite - Kword,application/vnd.kde.kword,.kwd
Kahootz,application/vnd.kahootz,.ktz
OpenGL Textures (KTX),image/ktx,.ktx
KDE KOffice Office Suite - Kspread,application/vnd.kde.kspread,.ksp
KDE KOffice Office Suite - Kpresenter,application/vnd.kde.kpresenter,.kpr
KDE KOffice Office Suite - Kontour,application/vnd.kde.kontour,.kon
Kinar Applications,application/vnd.kinar,.kne
Google Earth - Zipped KML,application/vnd.google-earth.kmz,.kmz
Google Earth - KML,application/vnd.google-earth.kml+xml,.kml
Kidspiration,application/vnd.kidspiration,.kia
KDE KOffice Office Suite - Kformula,application/vnd.kde.kformula,.kfo
KDE KOffice Office Suite - Karbon,application/vnd.kde.karbon,.karbon
JavaScript Object Notation (JSON),application/json,.json
JavaScript,application/javascript,.js
JPEG 2000 Compound Image File Format,video/jpm,.jpm
JPGVideo,video/jpeg,.jpgv
JPEG Image,image/jpeg,".jpeg, .jpg"
JPEG Image (Citrix client),image/x-citrix-jpeg,".jpeg, .jpg"
Joda Archive,application/vnd.joost.joda-archive,.joda
Java Network Launching Protocol,application/x-java-jnlp-file,.jnlp
HP Indigo Digital Press - Job Layout Languate,application/vnd.hp-jlyt,.jlt
RhymBox,application/vnd.jisp,.jisp
Java Source File,"text/x-java-source,java",.java
Java Archive,application/java-archive,.jar
Lightspeed Audio Lab,application/vnd.jam,.jam
J2ME App Descriptor,text/vnd.sun.j2me.app-descriptor,.jad
ImmerVision PURE Players,application/vnd.immervision-ivu,.ivu
ImmerVision PURE Players,application/vnd.immervision-ivp,.ivp
Shana Informed Filler,application/vnd.shana.informed.formtemplate,.itp
iRepository / Lucidoc Editor,application/vnd.irepository.package+xml,.irp
IBM DB2 Rights Manager,application/vnd.ibm.rights-management,.irm
Shana Informed Filler,application/vnd.shana.informed.package,.ipk
Internet Protocol Flow Information Export,application/ipfix,.ipfix
Microsoft Class Server,application/vnd.ms-ims,.ims
Simply Accounting - Data Import,application/vnd.accpac.simply.imp,.imp
Shana Informed Filler,application/vnd.shana.informed.interchange,.iif
Micrografx iGrafx Professional,application/vnd.micrografx.igx,.igx
Initial Graphics Exchange Specification (IGES),model/iges,.igs
IOCOM Visimeet,application/vnd.insors.igm,.igm
igLoader,application/vnd.igloader,.igl
Shana Informed Filler,application/vnd.shana.informed.formdata,.ifm
Image Exchange Format,image/ief,.ief
iCalendar,text/calendar,.ics
Icon Image,image/x-icon,.ico
CoolTalk,x-conference/x-cooltalk,.ice
ICC profile,application/vnd.iccprofile,.icc
Interactive Geometry Software,application/vnd.intergeo,.i2g
HV Script,application/vnd.yamaha.hv-script,.hvs
HV Voice Parameter,application/vnd.yamaha.hv-voice,.hvp
HV Voice Dictionary,application/vnd.yamaha.hv-dic,.hvd
HyperText Markup Language (HTML),text/html,.html
Kenamea App,application/vnd.kenameaapp,.htke
Macintosh BinHex 4.0,application/mac-binhex40,.hqx
Hewlett-Packard's WebPrintSmart,application/vnd.hp-hps,.hps
Hewlett Packard Instant Delivery,application/vnd.hp-hpid,.hpid
HP-GL/2 and HP RTL,application/vnd.hp-hpgl,.hpgl
WinHelp,application/winhlp,.hlp
Hierarchical Data Format,application/x-hdf,.hdf
Homebanking Computer Interface (HBCI),application/vnd.hbci,.hbci
Hypertext Application Language,application/vnd.hal+xml,.hal
H.264,video/h264,.h264
H.263,video/h263,.h263
H.261,video/h261,.h261
GEONExT and JSXGraph,application/vnd.geonext,.gxt
Graphviz,text/vnd.graphviz,.gv
Gen-Trix Studio,model/vnd.gtw,.gtw
Groove - Tool Message,application/vnd.groove-tool-message,.gtm
GNU Tar Files,application/x-gtar,.gtar
Ghostscript Font,application/x-font-ghostscript,.gsf
Speech Recognition Grammar Specification - XML,application/srgs+xml,.grxml
Groove - Injector,application/vnd.groove-injector,.grv
Speech Recognition Grammar Specification,application/srgs,.gram
GrafEq,application/vnd.grafeq,.gqf
NpGraphIt,application/vnd.flographit,.gph
Gnumeric,application/x-gnumeric,.gnumeric
GameMaker ActiveX,application/vnd.gmx,.gmx
Groove - Identity Message,application/vnd.groove-identity-message,.gim
Graphics Interchange Format,image/gif,.gif
Groove - Help,application/vnd.groove-help,.ghf
GeoGebra,application/vnd.geogebra.tool,.ggt
GeoGebra,application/vnd.geogebra.file,.ggb
GeoMetry Explorer,application/vnd.geometry-explorer,.gex
DynaGeo,application/vnd.dynageo,.geo
Geometric Description Language (GDL),model/vnd.gdl,.gdl
Groove - Account,application/vnd.groove-account,.gac
GeospacW,application/vnd.geospace,.g3w
G3 Fax Image,image/g3fax,.g3
GeoplanW,application/vnd.geoplan,.g2w
FuzzySheet,application/vnd.fuzzysheet,.fzs
Adobe Flex Project,application/vnd.adobe.fxp,.fxp
FAST Search & Transfer ASA,video/vnd.fvt,.fvt
ANSER-WEB Terminal Client - Web Funds Transfer,application/vnd.anser-web-funds-transfer-initiation,.fti
FluxTime Clip,application/vnd.fluxtime.clip,.ftc
FAST Search & Transfer ASA,image/vnd.fst,.fst
Friendly Software Corporation,application/vnd.fsc.weblaunch,.fsc
FlashPix,image/vnd.fpx,.fpx
Frogans Player,application/vnd.frogans.fnc,.fnc
FrameMaker Normal Format,application/vnd.framemaker,.fm
mod_fly / fly.cgi,text/vnd.fly,.fly
FLEXSTOR,text/vnd.fmi.flexstor,.flx
KDE KOffice Office Suite - Kivio,application/vnd.kde.kivio,.flw
Flash Video,video/x-flv,.flv
Micrografx,application/vnd.micrografx.flo,.flo
FLI/FLC Animation Format,video/x-fli,.fli
Xfig,application/x-xfig,.fig
FreeHand MX,image/x-freehand,.fh
Fujitsu Oasys,application/vnd.fujitsu.oasysgp,.fg5
FCS Express Layout Link,application/vnd.denovo.fcselayout-link,.fe_launch
Forms Data Format,application/vnd.fdf,.fdf
International Society for Advancement of Cytometry,application/vnd.isac.fcs,.fcs
FastBid Sheet,image/vnd.fastbidsheet,.fbs
Flash Video,video/x-f4v,.f4v
Fortran Source File,text/x-fortran,.f
EZPix Secure Photo Album,application/vnd.ezpix-package,.ez3
EZPix Secure Photo Album,application/vnd.ezpix-album,.ez2
Novadigm's RADIA and EDM products,application/vnd.novadigm.ext,.ext
Efficient XML Interchange,application/exi,.exi
Microsoft Application,application/x-msdownload,.exe
Setext,text/x-setext,.etx
QUASS Stream Player,application/vnd.epson.esf,.esf
MICROSEC e-Szign¢,application/vnd.eszigno3+xml,.es3
ECMAScript,application/ecmascript,.es
Electronic Publication,application/epub+zip,.epub
Microsoft Embedded OpenType,application/vnd.ms-fontobject,.eot
Digital Winds Music,audio/vnd.digital-winds,.eol
Extensible MultiModal Annotation,application/emma+xml,.emma
Email Message,message/rfc822,.eml
Proprietary P&G Standard Reporting System,application/vnd.pg.osasli,.ei6
Pcsel eFIF File,application/vnd.picsel,.efif
Novadigm's RADIA and EDM products,application/vnd.novadigm.edx,.edx
Novadigm's RADIA and EDM products,application/vnd.novadigm.edm,.edm
Nuera ECELP 9600,audio/vnd.nuera.ecelp9600,.ecelp9600
Nuera ECELP 7470,audio/vnd.nuera.ecelp7470,.ecelp7470
Nuera ECELP 4800,audio/vnd.nuera.ecelp4800,.ecelp4800
TIBCO Spotfire,application/vnd.spotfire.dxp,.dxp
AutoCAD DXF,image/vnd.dxf,.dxf
DWG Drawing,image/vnd.dwg,.dwg
Autodesk Design Web Format (DWF),model/vnd.dwf,.dwf
Device Independent File Format (DVI),application/x-dvi,.dvi
DTS High Definition Audio,audio/vnd.dts.hd,.dtshd
DTS Audio,audio/vnd.dts,.dts
Document Type Definition,application/xml-dtd,.dtd
Digital Talking Book,application/x-dtbook+xml,.dtb
Data Structure for the Security Suitability of Cryptographic Algorithms,application/dssc+der,.dssc
PRS Lines Tag,text/prs.lines.tag,.dsc
DRA Audio,audio/vnd.dra,.dra
DPGraph,application/vnd.dpgraph,.dpg
OSGi Deployment Package,application/vnd.osgi.dp,.dp
Microsoft Office - OOXML - Word Document Template,application/vnd.openxmlformats-officedocument.wordprocessingml.template,.dotx
Microsoft Word - Macro-Enabled Template,application/vnd.ms-word.template.macroenabled.12,.dotm
Microsoft Office - OOXML - Word Document,application/vnd.openxmlformats-officedocument.wordprocessingml.document,.docx
Microsoft Word - Macro-Enabled Document,application/vnd.ms-word.document.macroenabled.12,.docm
Microsoft Word,application/msword,.doc
New Moon Liftoff/DNA,application/vnd.dna,.dna
Apple Disk Image,application/x-apple-diskimage,.dmg
DjVu,image/vnd.djvu,.djvu
Mobius Management Systems - Distribution Database,application/vnd.mobius.dis,.dis
Adobe Shockwave Player,application/x-director,.dir
DreamFactory,application/vnd.dreamfactory,.dfac
X.509 Certificate,application/x-x509-ca-cert,.der
Debian Package,application/x-debian-package,.deb
Fujitsu - Xerox 2D CAD Data,application/vnd.fujixerox.ddd,.ddd
OMA Download Agents,application/vnd.oma.dd2+xml,.dd2
Curl - Detached Applet,text/vnd.curl.dcurl,.dcurl
Web Distributed Authoring and Versioning,application/davmount+xml,.davmount
Mobius Management Systems - UniversalArchive,application/vnd.mobius.daf,.daf
COLLADA,model/vnd.collada+xml,.dae
CU-Writer,application/prs.cww,.cww
Curl - Applet,text/vnd.curl,.curl
CU-SeeMe,application/cu-seeme,.cu
Comma-Seperated Values,text/csv,.csv
Cascading Style Sheets (CSS),text/css,.css
Sixth Floor Media - CommonSpace,application/vnd.commonspace,.csp
Chemical Style Markup Language,chemical/x-csml,.csml
C Shell Script,application/x-csh,.csh
CryptoNote,application/vnd.rig.cryptonote,.cryptonote
Internet Public Key Infrastructure - Certificate Revocation Lists,application/pkix-crl,.crl
Microsoft Information Card,application/x-mscardfile,.crd
Compact Pro,application/mac-compactpro,.cpt
CPIO Archive,application/x-cpio,.cpio
Blackberry COD File,application/vnd.rim.cod,.cod
Corel Metafile Exchange (CMX),image/x-cmx,.cmx
CustomMenu,application/vnd.yellowriver-custom-menu,.cmp
Chemical Markup Language,chemical/x-cml,.cml
CrystalMaker Data Format,chemical/x-cmdf,.cmdf
CosmoCaller,application/vnd.cosmocaller,.cmc
Microsoft Clipboard Clip,application/x-msclip,.clp
CrickSoftware - Clicker,application/vnd.crick.clicker,.clkx
CrickSoftware - Clicker - Wordbank,application/vnd.crick.clicker.wordbank,.clkw
CrickSoftware - Clicker - Template,application/vnd.crick.clicker.template,.clkt
CrickSoftware - Clicker - Palette,application/vnd.crick.clicker.palette,.clkp
CrickSoftware - Clicker - Keyboard,application/vnd.crick.clicker.keyboard,.clkk
Java Bytecode File,application/java-vm,.class
Claymore Data Files,application/vnd.claymore,.cla
Microsoft Artgalry,application/vnd.ms-artgalry,.cil
ANSER-WEB Terminal Client - Certificate Issue,application/vnd.anser-web-certificate-issue-initiation,.cii
Crystallographic Interchange Format,chemical/x-cif,.cif
KDE KOffice Office Suite - KChart,application/vnd.kde.kchart,.chrt
Microsoft Html Help File,application/vnd.ms-htmlhelp,.chm
pIRCh,application/x-chat,.chat
Computer Graphics Metafile,image/cgm,.cgm
Internet Public Key Infrastructure - Certificate,application/pkix-cert,.cer
Interactive Geometry Software Cinderella,application/vnd.cinderella,.cdy
CambridgeSoft Chem Draw,application/vnd.chemdraw+xml,.cdxml
ChemDraw eXchange file,chemical/x-cdx,.cdx
Cloud Data Management Interface (CDMI) - Queue,application/cdmi-queue,.cdmiq
Cloud Data Management Interface (CDMI) - Object,application/cdmi-object,.cdmio
Cloud Data Management Interface (CDMI) - Domain,application/cdmi-domain,.cdmid
Cloud Data Management Interface (CDMI) - Contaimer,application/cdmi-container,.cdmic
Cloud Data Management Interface (CDMI) - Capability,application/cdmi-capability,.cdmia
MediaRemote,application/vnd.mediastation.cdkey,.cdkey
CIM Database,application/vnd.contact.cmsg,.cdbcmsg
Voice Browser Call Control,"application/ccxml+xml,",.ccxml
Microsoft Trust UI Provider - Security Catalog,application/vnd.ms-pki.seccat,.cat
CURL Applet,application/vnd.curl.car,.car
Microsoft Cabinet File,application/vnd.ms-cab-compressed,.cab
Clonk Game,application/vnd.clonk.c4group,.c4g
ClueTrust CartoMobile - Config Package,application/vnd.cluetrust.cartomobile-config-pkg,.c11amz
ClueTrust CartoMobile - Config,application/vnd.cluetrust.cartomobile-config,.c11amc
C Source File,text/x-c,.c
Bzip2 Archive,application/x-bzip2,.bz2
Bzip Archive,application/x-bzip,.bz
BTIF,image/prs.btif,.btif
Preview Systems ZipLock/VBox,application/vnd.previewsystems.box,.box
Bitmap Image File,image/bmp,.bmp
BMI Drawing Data Interchange,application/vnd.bmi,.bmi
Binary Data,application/octet-stream,.bin
Fujitsu Oasys,application/vnd.fujitsu.oasysprs,.bh2
RealVNC,application/vnd.realvnc.bed,.bed
SyncML - Device Management,application/vnd.syncml.dm+wbxml,.bdm
Glyph Bitmap Distribution Format,application/x-font-bdf,.bdf
Binary CPIO Archive,application/x-bcpio,.bcpio
Amazon Kindle eBook format,application/vnd.amazon.ebook,.azw
AirZip FileSECURE,application/vnd.airzip.filesecure.azs,.azs
AirZip FileSECURE,application/vnd.airzip.filesecure.azf,.azf
Applixware,application/applixware,.aw
Audio Video Interleave (AVI),video/x-msvideo,.avi
Sun Audio - Au file format,audio/basic,.au
Antix Game Player,application/vnd.antix.game-component,.atx
Atom Publishing Protocol Service Document,application/atomsvc+xml,.atomsvc
Atom Publishing Protocol,application/atomcat+xml,.atomcat
Atom Syndication Format,application/atom+xml,".atom, .xml"
ACU Cobol,application/vnd.acucorp,.atc
Simply Accounting,application/vnd.accpac.simply.aso,.aso
Microsoft Advanced Systems Format (ASF),video/x-ms-asf,.asf
Lotus Approach,application/vnd.lotus-approach,.apr
Microsoft ClickOnce,application/x-ms-application,.application
Android Package Archive,application/vnd.android.package-archive,.apk
AmigaDE,application/vnd.amiga.ami,.ami
Digital Video Broadcasting,application/vnd.dvb.ait,.ait
Adobe AIR Application,application/vnd.adobe.air-application-installer-package+zip,.air
Audio Interchange File Format,audio/x-aiff,.aif
PostScript,application/postscript,.ai
Ahead AIR Application,application/vnd.ahead.space,.ahead
MO:DCA-P,application/vnd.ibm.modcap,.afp
Audiograph,application/vnd.audiograph,.aep
Adaptive differential pulse-code modulation,audio/adpcm,.adp
ACU Cobol,application/vnd.acucobol,.acu
Ace Archive,application/x-ace-compressed,.ace
Active Content Compression,application/vnd.americandynamics.acc,.acc
Attribute Certificate,application/pkix-attr-cert,.ac
AbiWord,application/x-abiword,.abw
Adobe (Macropedia) Authorware - Segment File,application/x-authorware-seg,.aas
Adobe (Macropedia) Authorware - Map,application/x-authorware-map,.aam
Advanced Audio Coding (AAC),audio/x-aac,.aac
Adobe (Macropedia) Authorware - Binary File,application/x-authorware-bin,.aab
7-Zip,application/x-7z-compressed,.7z
3GP,video/3gpp,.3gp
3GP2,video/3gpp2,.3g2
In3D - 3DML,text/vnd.in3d.3dml,.3dml
Lotus 1-2-3,application/vnd.lotus-1-2-3,0.123
